{
  "type": "FeatureCollection",
  "features": [
    {
      "type": "Feature",
      "properties": {},
      "geometry": {
        "type": "LineString",
        "coordinates": [
          [
            100.34886360168456,
            6.129076666475932
          ],
          [
            100.35319805145264,
            6.126943160442978
          ],
          [
            100.35714626312256,
            6.1254070308185256
          ],
          [
            100.36053657531738,
            6.123998908113393
          ],
          [
            100.35512924194336,
            6.121267992890521
          ],
          [
            100.35105228424072,
            6.124169589851178
          ],
          [
            100.34718990325926,
            6.126004415086635
          ],
          [
            100.34555912017821,
            6.129759386604883
          ],
          [
            100.34791946411133,
            6.1305274457056536
          ]
        ]
      }
    }
  ]
}
